Cde_Âge;Cde_Pays;Pays;Cde_Mesure;Mesure;Cde_Sexe;Sexe;Âge;2002;2003;2004;2005;2006;2007;2008;2009;2010;2011;2012;2013;2014;2015;2016;2017;2018;2019;2020;2021;2022;2023;2024
Y15T64;AUT;Autriche;PS;Personnes;F;Sexe féminin;De 15 à 64 ans;2737835,000;2757964,000;2774285,000;2779159,000;2786080,000;2792390,000;2803876,000;2810116,000;2819028,000;2837529,000;2843433,000;2853462,000;2866662,000;2884321,000;2910686,000;2921029,000;2927913,000;2933783,000;2937913,000;2937645,000;2969338,000;2978269,000;2981012,000
Y_GE65;AUT;Autriche;PS;Personnes;F;Sexe féminin;65 ans et plus;769391,000;767651,000;779308,000;803119,000;822283,000;837622,000;846911,000;857683,000;863974,000;862913,000;876002,000;889423,000;903474,000;912807,000;922673,000;930942,000;940989,000;951924,000;965111,000;977477,000;995013,000;1011547,000;1031614,000
Y15T64;AUT;Autriche;PS;Personnes;M;Sexe masculin;De 15 à 64 ans;2750699,000;2769976,000;2783562,000;2790486,000;2798223,000;2801988,000;2810330,000;2814750,000;2821051,000;2837458,000;2845584,000;2859938,000;2878063,000;2909402,000;2955648,000;2966029,000;2972134,000;2977242,000;2983140,000;2987491,000;3011069,000;3033247,000;3036285,000
Y_GE65;AUT;Autriche;PS;Personnes;M;Sexe masculin;65 ans et plus;479519,000;485555,000;503354,000;531761,000;555316,000;575295,000;589316,000;604456,000;614544,000;618696,000;636167,000;652383,000;669128,000;682062,000;694347,000;704933,000;717346,000;729882,000;743987,000;756220,000;772130,000;789152,000;809230,000
Y_GE65;AUT;Autriche;PS;Personnes;_T;Total;65 ans et plus;1248910,000;1253206,000;1282662,000;1334880,000;1377599,000;1412917,000;1436227,000;1462139,000;1478518,000;1481609,000;1512169,000;1541806,000;1572602,000;1594869,000;1617020,000;1635875,000;1658335,000;1681806,000;1709098,000;1733697,000;1767143,000;1800699,000;1840844,000
Y15T64;AUT;Autriche;PS;Personnes;_T;Total;De 15 à 64 ans;5488534,000;5527940,000;5557847,000;5569645,000;5584303,000;5594378,000;5614206,000;5624866,000;5640079,000;5674987,000;5689017,000;5713400,000;5744725,000;5793723,000;5866334,000;5887058,000;5900047,000;5911025,000;5921053,000;5925136,000;5980407,000;6011516,000;6017297,000
Y_GE65;AUT;Autriche;PT_POP;Pourcentage de la population;M;Sexe masculin;65 ans et plus;12,237;12,327;12,690;13,301;13,807;14,254;14,553;14,887;15,098;15,143;15,490;15,771;16,031;16,150;16,167;16,307;16,509;16,721;16,962;17,168;17,322;17,544;17,891
Y_GE65;AUT;Autriche;PT_POP;Pourcentage de la population;_T;Total;65 ans et plus;15,456;15,444;15,707;16,235;16,667;17,036;17,264;17,534;17,691;17,670;17,959;18,198;18,418;18,505;18,506;18,609;18,774;18,956;19,177;19,381;19,508;19,732;20,064
Y_GE65;AUT;Autriche;PT_POP;Pourcentage de la population;F;Sexe féminin;65 ans et plus;18,488;18,385;18,556;19,013;19,376;19,674;19,834;20,047;20,153;20,071;20,309;20,515;20,701;20,767;20,768;20,837;20,966;21,120;21,323;21,529;21,626;21,859;22,177
Y_LT15;AUT;Autriche;PT_POP;Pourcentage de la population;_T;Total;Moins de 15 ans;16,619;16,431;16,236;16,025;15,773;15,510;15,253;15,011;14,822;14,649;14,479;14,364;14,300;14,273;14,355;14,421;14,432;14,421;14,386;14,381;14,471;14,394;14,352
Y_LT15;AUT;Autriche;PT_POP;Pourcentage de la population;F;Sexe féminin;Moins de 15 ans;15,723;15,561;15,387;15,194;14,972;14,738;14,503;14,270;14,091;13,928;13,770;13,669;13,617;13,612;13,716;13,781;13,797;13,788;13,766;13,771;13,837;13,783;13,741
Y_LT15;AUT;Autriche;PT_POP;Pourcentage de la population;M;Sexe masculin;Moins de 15 ans;17,570;17,353;17,135;16,902;16,619;16,324;16,044;15,792;15,592;15,408;15,223;15,093;15,016;14,960;15,016;15,083;15,088;15,075;15,026;15,011;15,126;15,021;14,980
Y15T64;AUT;Autriche;PT_POP;Pourcentage de la population;M;Sexe masculin;De 15 à 64 ans;70,193;70,321;70,175;69,797;69,574;69,422;69,403;69,321;69,309;69,449;69,287;69,136;68,953;68,890;68,817;68,611;68,403;68,204;68,012;67,822;67,551;67,434;67,129
Y15T64;AUT;Autriche;PT_POP;Pourcentage de la population;F;Sexe féminin;De 15 à 64 ans;65,789;66,054;66,057;65,793;65,652;65,588;65,663;65,683;65,756;66,001;65,921;65,816;65,683;65,621;65,516;65,382;65,237;65,092;64,911;64,701;64,537;64,358;64,083
Y15T64;AUT;Autriche;PT_POP;Pourcentage de la population;_T;Total;De 15 à 64 ans;67,925;68,125;68,057;67,740;67,560;67,454;67,483;67,455;67,486;67,681;67,563;67,437;67,281;67,223;67,138;66,970;66,794;66,623;66,437;66,238;66,021;65,874;65,584
Y15T64;BEL;Belgique;PS;Personnes;_T;Total;De 15 à 64 ans;6774422,000;6804809,000;6835178,000;6878877,000;6941500,000;7010582,000;7072926,000;7124475,000;7179723,000;7225040,000;7246905,000;7258956,000;7268181,000;7283749,000;7300061,000;7312259,000;7325392,000;7342747,000;7357957,000;7376439,000;7422214,000;7472907,000;7505857,000
Y_GE65;BEL;Belgique;PS;Personnes;_T;Total;65 ans et plus;1754391,000;1771253,000;1789811,000;1804262,000;1809539,000;1814098,000;1827455,000;1848469,000;1871485,000;1903640,000;1941800,000;1976481,000;2012215,000;2046575,000;2078829,000;2112826,000;2147929,000;2184889,000;2216799,000;2249220,000;2290062,000;2333738,000;2380994,000
Y15T64;BEL;Belgique;PS;Personnes;M;Sexe masculin;De 15 à 64 ans;3411449,000;3426134,000;3440078,000;3460512,000;3490892,000;3525030,000;3555765,000;3580688,000;3608121,000;3630731,000;3641162,000;3646919,000;3650771,000;3658488,000;3667711,000;3674963,000;3682472,000;3691712,000;3700209,000;3710311,000;3730365,000;3753776,000;3771614,000
Y_GE65;BEL;Belgique;PS;Personnes;M;Sexe masculin;65 ans et plus;721068,000;730866,000;741124,000;749244,000;753311,000;757286,000;765634,000;777649,000;790448,000;807956,000;828823,000;847920,000;867592,000;886856,000;904873,000;923566,000;942926,000;963045,000;980556,000;997569,000;1018663,000;1041916,000;1066853,000
Y_GE65;BEL;Belgique;PS;Personnes;F;Sexe féminin;65 ans et plus;1033323,000;1040387,000;1048687,000;1055018,000;1056228,000;1056812,000;1061821,000;1070820,000;1081037,000;1095684,000;1112977,000;1128561,000;1144623,000;1159719,000;1173956,000;1189260,000;1205003,000;1221844,000;1236243,000;1251651,000;1271399,000;1291822,000;1314141,000
Y15T64;BEL;Belgique;PS;Personnes;F;Sexe féminin;De 15 à 64 ans;3362973,000;3378675,000;3395100,000;3418365,000;3450608,000;3485552,000;3517161,000;3543787,000;3571602,000;3594309,000;3605743,000;3612037,000;3617410,000;3625261,000;3632350,000;3637296,000;3642920,000;3651035,000;3657748,000;3666128,000;3691849,000;3719131,000;3734243,000
Y_GE65;BEL;Belgique;PT_POP;Pourcentage de la population;M;Sexe masculin;65 ans et plus;14,266;14,396;14,534;14,612;14,592;14,557;14,595;14,699;14,799;14,984;15,262;15,527;15,804;16,062;16,296;16,543;16,799;17,063;17,298;17,523;17,762;18,028;18,351
Y_GE65;BEL;Belgique;PT_POP;Pourcentage de la population;_T;Total;65 ans et plus;16,979;17,070;17,175;17,219;17,155;17,074;17,064;17,121;17,177;17,316;17,545;17,766;17,999;18,210;18,405;18,617;18,835;19,062;19,265;19,469;19,673;19,894;20,187
Y_GE65;BEL;Belgique;PT_POP;Pourcentage de la population;F;Sexe féminin;65 ans et plus;19,577;19,633;19,705;19,716;19,613;19,489;19,436;19,448;19,463;19,560;19,744;19,925;20,116;20,285;20,444;20,625;20,809;21,002;21,175;21,361;21,529;21,707;21,972
Y_LT15;BEL;Belgique;PT_POP;Pourcentage de la population;_T;Total;Moins de 15 ans;17,459;17,348;17,236;17,135;17,036;16,943;16,890;16,890;16,928;16,964;16,978;16,985;16,989;16,979;16,964;16,953;16,928;16,876;16,791;16,680;16,567;16,401;16,175
Y_LT15;BEL;Belgique;PT_POP;Pourcentage de la population;F;Sexe féminin;Moins de 15 ans;16,708;16,607;16,500;16,402;16,313;16,233;16,186;16,190;16,235;16,274;16,292;16,305;16,310;16,305;16,299;16,295;16,281;16,243;16,174;16,073;15,957;15,800;15,593
Y_LT15;BEL;Belgique;PT_POP;Pourcentage de la population;M;Sexe masculin;Moins de 15 ans;18,242;18,121;18,004;17,900;17,790;17,683;17,622;17,619;17,649;17,680;17,690;17,691;17,694;17,676;17,652;17,633;17,596;17,529;17,427;17,305;17,194;17,020;16,774
Y15T64;BEL;Belgique;PT_POP;Pourcentage de la population;M;Sexe masculin;De 15 à 64 ans;67,492;67,483;67,462;67,488;67,619;67,760;67,783;67,682;67,552;67,335;67,048;66,782;66,502;66,261;66,052;65,825;65,605;65,408;65,275;65,173;65,044;64,952;64,875
Y15T64;BEL;Belgique;PT_POP;Pourcentage de la population;F;Sexe féminin;De 15 à 64 ans;63,714;63,759;63,795;63,882;64,074;64,278;64,378;64,362;64,303;64,166;63,964;63,770;63,574;63,410;63,257;63,080;62,910;62,755;62,651;62,567;62,514;62,493;62,435
Y15T64;BEL;Belgique;PT_POP;Pourcentage de la population;_T;Total;De 15 à 64 ans;65,562;65,581;65,590;65,647;65,809;65,983;66,046;65,989;65,896;65,720;65,478;65,249;65,012;64,811;64,631;64,430;64,237;64,062;63,944;63,851;63,760;63,704;63,638
Y15T64;DEU;Allemagne;PS;Personnes;_T;Total;De 15 à 64 ans;55719011,000;55595923,000;55359157,000;55063396,000;54746149,000;54495823,000;54275818,000;54006063,000;53922000,000;52856734,000;53038578,000;53198954,000;53347162,000;53708240,000;53978882,000;53937129,000;53877877,000;53764817,000;53545184,000;53299643,000;53481767,000;53059521,000;53124946,000
Y_GE65;DEU;Allemagne;PS;Personnes;_T;Total;65 ans et plus;14252270,000;14649405,000;15113725,000;15618761,000;16084679,000;16409018,000;16623877,000;16815375,000;16873017,000;16589929,000;16659291,000;16783984,000;16970755,000;17194443,000;17404939,000;17609707,000;17796623,000;17987103,000;18181162,000;18354067,000;18548263,000;18599400,000;18841707,000
Y15T64;DEU;Allemagne;PS;Personnes;M;Sexe masculin;De 15 à 64 ans;28260944,000;28182450,000;28046810,000;27885792,000;27718676,000;27585084,000;27463467,000;27317743,000;27274423,000;26569997,000;26687616,000;26795905,000;26907602,000;27191559,000;27407405,000;27388100,000;27361137,000;27302019,000;27182913,000;27051650,000;27107641,000;26893865,000;26997874,000
Y_GE65;DEU;Allemagne;PS;Personnes;M;Sexe masculin;65 ans et plus;5624509,000;5862913,000;6130260,000;6414666,000;6679490,000;6873768,000;7014305,000;7141736,000;7200443,000;7052791,000;7114347,000;7202405,000;7316593,000;7444381,000;7561542,000;7672143,000;7773198,000;7873926,000;7975121,000;8065732,000;8160864,000;8183848,000;8306266,000
Y_GE65;DEU;Allemagne;PS;Personnes;F;Sexe féminin;65 ans et plus;8627761,000;8786492,000;8983465,000;9204095,000;9405189,000;9535250,000;9609572,000;9673639,000;9672574,000;9537138,000;9544944,000;9581579,000;9654162,000;9750062,000;9843397,000;9937564,000;10023425,000;10113177,000;10206041,000;10288335,000;10387399,000;10415552,000;10535441,000
Y15T64;DEU;Allemagne;PS;Personnes;F;Sexe féminin;De 15 à 64 ans;27458067,000;27413473,000;27312347,000;27177604,000;27027473,000;26910739,000;26812351,000;26688320,000;26647577,000;26286737,000;26350962,000;26403049,000;26439560,000;26516681,000;26571477,000;26549029,000;26516740,000;26462798,000;26362271,000;26247993,000;26374126,000;26165656,000;26127072,000
Y_GE65;DEU;Allemagne;PT_POP;Pourcentage de la population;M;Sexe masculin;65 ans et plus;13,953;14,530;15,191;15,899;16,566;17,062;17,436;17,790;17,953;18,002;18,100;18,248;18,431;18,530;18,622;18,818;19,003;19,204;19,436;19,650;19,754;19,941;20,121
Y_GE65;DEU;Allemagne;PT_POP;Pourcentage de la population;_T;Total;65 ans et plus;17,278;17,750;18,316;18,939;19,526;19,946;20,246;20,531;20,633;20,666;20,714;20,812;20,956;21,049;21,136;21,305;21,466;21,647;21,863;22,061;22,134;22,332;22,532
Y_GE65;DEU;Allemagne;PT_POP;Pourcentage de la population;F;Sexe féminin;65 ans et plus;20,455;20,829;21,307;21,851;22,364;22,715;22,945;23,166;23,213;23,206;23,212;23,269;23,383;23,487;23,581;23,725;23,865;24,027;24,226;24,409;24,450;24,654;24,883
Y_LT15;DEU;Allemagne;PT_POP;Pourcentage de la population;_T;Total;Moins de 15 ans;15,174;14,889;14,595;14,293;14,016;13,811;13,653;13,529;13,429;13,489;13,339;13,222;13,169;13,202;13,315;13,441;13,547;13,649;13,750;13,874;14,043;13,962;13,937
Y_LT15;DEU;Allemagne;PT_POP;Pourcentage de la population;F;Sexe féminin;Moins de 15 ans;14,445;14,185;13,912;13,629;13,371;13,180;13,034;12,923;12,836;12,832;12,705;12,609;12,577;12,635;12,764;12,892;13,001;13,102;13,199;13,317;13,472;13,410;13,407
Y_LT15;DEU;Allemagne;PT_POP;Pourcentage de la population;M;Sexe masculin;Moins de 15 ans;15,937;15,626;15,309;14,986;14,688;14,468;14,297;14,160;14,045;14,178;14,002;13,861;13,785;13,787;13,882;14,006;14,108;14,210;14,316;14,445;14,631;14,530;14,479
Y15T64;DEU;Allemagne;PT_POP;Pourcentage de la population;M;Sexe masculin;De 15 à 64 ans;70,109;69,844;69,501;69,115;68,746;68,470;68,267;68,049;68,002;67,820;67,898;67,891;67,784;67,683;67,497;67,177;66,889;66,587;66,248;65,905;65,615;65,530;65,399
Y15T64;DEU;Allemagne;PT_POP;Pourcentage de la population;F;Sexe féminin;De 15 à 64 ans;65,099;64,986;64,780;64,520;64,266;64,106;64,021;63,911;63,951;63,962;64,083;64,121;64,040;63,877;63,655;63,383;63,134;62,871;62,575;62,274;62,079;61,936;61,709
Y15T64;DEU;Allemagne;PT_POP;Pourcentage de la population;_T;Total;De 15 à 64 ans;67,548;67,361;67,089;66,768;66,458;66,243;66,101;65,940;65,938;65,845;65,947;65,966;65,875;65,749;65,549;65,254;64,987;64,704;64,387;64,065;63,822;63,707;63,531
Y15T64;ESP;Espagne;PS;Personnes;_T;Total;De 15 à 64 ans;28401513,000;28966656,000;29501722,000;30120189,000;30553422,000;31188438,000;31647959,000;31756902,000;31705439,000;31644057,000;31499118,000;31188720,000;30913280,000;30780706,000;30733068,000;30727303,000;30840972,000;31111726,000;31327221,000;31320534,000;31627745,000;32033167,000;32397281,000
Y_GE65;ESP;Espagne;PS;Personnes;_T;Total;65 ans et plus;7026593,000;7119244,000;7154260,000;7230328,000;7362321,000;7451435,000;7577395,000;7727114,000;7892790,000;8052204,000;8174391,000;8332988,000;8487781,000;8599852,000;8719919,000;8840365,000;8972650,000;9125804,000;9243530,000;9396344,000;9585758,000;9808031,000;10044937,000
Y15T64;ESP;Espagne;PS;Personnes;M;Sexe masculin;De 15 à 64 ans;14287599,000;14598089,000;14890698,000;15248405,000;15476427,000;15817167,000;16067774,000;16107330,000;16060244,000;16008762,000;15905620,000;15722312,000;15566455,000;15488709,000;15454603,000;15439694,000;15486310,000;15621426,000;15728546,000;15731761,000;15875122,000;16076610,000;16273909,000
Y_GE65;ESP;Espagne;PS;Personnes;M;Sexe masculin;65 ans et plus;2960775,000;3001138,000;3015259,000;3049867,000;3112155,000;3154365,000;3214073,000;3285475,000;3364112,000;3439265,000;3498769,000;3574425,000;3647967,000;3702295,000;3759232,000;3817681,000;3881154,000;3952736,000;4007280,000;4078552,000;4166336,000;4271192,000;4379448,000
Y_GE65;ESP;Espagne;PS;Personnes;F;Sexe féminin;65 ans et plus;4065824,000;4118108,000;4139001,000;4180461,000;4250165,000;4297065,000;4363318,000;4441642,000;4528679,000;4612935,000;4675622,000;4758563,000;4839814,000;4897557,000;4960687,000;5022684,000;5091496,000;5173068,000;5236250,000;5317792,000;5419422,000;5536839,000;5665489,000
Y15T64;ESP;Espagne;PS;Personnes;F;Sexe féminin;De 15 à 64 ans;14113916,000;14368567,000;14611023,000;14871785,000;15077001,000;15371270,000;15580187,000;15649568,000;15645190,000;15635294,000;15593498,000;15466408,000;15346825,000;15291997,000;15278465,000;15287609,000;15354662,000;15490300,000;15598675,000;15588773,000;15752623,000;15956557,000;16123372,000
Y_GE65;ESP;Espagne;PT_POP;Pourcentage de la population;M;Sexe masculin;65 ans et plus;14,566;14,472;14,295;14,158;14,210;14,106;14,124;14,325;14,621;14,906;15,180;15,587;15,975;16,240;16,484;16,721;16,933;17,111;17,256;17,562;17,788;18,036;18,302
Y_GE65;ESP;Espagne;PT_POP;Pourcentage de la population;_T;Total;65 ans et plus;16,963;16,872;16,692;16,560;16,597;16,472;16,479;16,665;16,951;17,229;17,486;17,889;18,280;18,540;18,782;19,007;19,207;19,380;19,524;19,846;20,062;20,298;20,581
Y_GE65;ESP;Espagne;PT_POP;Pourcentage de la population;F;Sexe féminin;65 ans et plus;19,272;19,191;19,016;18,898;18,923;18,786;18,786;18,955;19,227;19,494;19,728;20,122;20,510;20,764;21,000;21,212;21,398;21,566;21,708;22,044;22,248;22,472;22,772
Y_LT15;ESP;Espagne;PT_POP;Pourcentage de la population;_T;Total;Moins de 15 ans;14,473;14,481;14,473;14,457;14,528;14,582;14,696;14,846;14,957;15,063;15,136;15,155;15,144;15,100;15,022;14,927;14,774;14,548;14,308;14,003;13,746;13,409;13,041
Y_LT15;ESP;Espagne;PT_POP;Pourcentage de la population;F;Sexe féminin;Moins de 15 ans;13,827;13,848;13,857;13,871;13,948;14,014;14,134;14,261;14,350;14,431;14,478;14,478;14,454;14,404;14,322;14,226;14,073;13,856;13,626;13,335;13,085;12,765;12,420
Y_LT15;ESP;Espagne;PT_POP;Pourcentage de la population;M;Sexe masculin;Moins de 15 ans;15,145;15,135;15,110;15,058;15,123;15,162;15,270;15,443;15,578;15,712;15,812;15,853;15,858;15,819;15,746;15,655;15,502;15,266;15,016;14,697;14,433;14,079;13,687
Y15T64;ESP;Espagne;PT_POP;Pourcentage de la population;M;Sexe masculin;De 15 à 64 ans;70,289;70,393;70,595;70,785;70,666;70,732;70,606;70,232;69,801;69,382;69,008;68,560;68,168;67,941;67,770;67,624;67,565;67,623;67,728;67,741;67,779;67,886;68,011
Y15T64;ESP;Espagne;PT_POP;Pourcentage de la population;F;Sexe féminin;De 15 à 64 ans;66,901;66,961;67,127;67,230;67,129;67,200;67,080;66,784;66,423;66,075;65,794;65,400;65,036;64,832;64,678;64,563;64,530;64,578;64,666;64,621;64,667;64,762;64,808
Y15T64;ESP;Espagne;PT_POP;Pourcentage de la population;_T;Total;De 15 à 64 ans;68,564;68,647;68,834;68,984;68,875;68,946;68,825;68,489;68,092;67,708;67,379;66,956;66,576;66,360;66,196;66,065;66,019;66,072;66,168;66,151;66,193;66,293;66,378
Y15T64;EST;Estonie;PS;Personnes;_T;Total;De 15 à 64 ans;933965,000;930255,000;926635,000;922260,000;915360,000;908660,000;904805,000;901230,000;896380,000;889264,000;880150,000;870656,000;861667,000;855750,000;850864,000;846537,000;845537,000;844767,000;842472,000;841403,000;853681,000;869205,000;871361,000
Y_GE65;EST;Estonie;PS;Personnes;_T;Total;65 ans et plus;215765,000;219565,000;223200,000;226505,000;229990,000;232885,000;233235,000;232630,000;232235,000;233324,000;236336,000;239918,000;244067,000;248337,000;252399,000;256429,000;260115,000;264025,000;268421,000;271394,000;274300,000;278957,000;283952,000
Y15T64;EST;Estonie;PS;Personnes;M;Sexe masculin;De 15 à 64 ans;452505,000;451350,000;450205,000;448720,000;446045,000;443285,000;441875,000;440750,000;438955,000;436109,000;432428,000;428714,000;425344,000;423583,000;422397,000;421669,000;422821,000;424071,000;424375,000;425276,000;430846,000;437338,000;438778,000
Y_GE65;EST;Estonie;PS;Personnes;M;Sexe masculin;65 ans et plus;71210,000;72645,000;74005,000;75225,000;76465,000;77450,000;77465,000;77145,000;76955,000;77398,000;78634,000;80189,000;82009,000;83892,000;85667,000;87470,000;89287,000;91235,000;93406,000;94961,000;96329,000;98381,000;100739,000
Y_GE65;EST;Estonie;PS;Personnes;F;Sexe féminin;65 ans et plus;144555,000;146920,000;149195,000;151280,000;153525,000;155435,000;155770,000;155485,000;155280,000;155926,000;157702,000;159729,000;162058,000;164445,000;166732,000;168959,000;170828,000;172790,000;175015,000;176433,000;177971,000;180576,000;183213,000
Y15T64;EST;Estonie;PS;Personnes;F;Sexe féminin;De 15 à 64 ans;481460,000;478905,000;476430,000;473540,000;469315,000;465375,000;462930,000;460480,000;457425,000;453155,000;447722,000;441942,000;436323,000;432167,000;428467,000;424868,000;422716,000;420696,000;418097,000;416127,000;422835,000;431867,000;432583,000
Y_GE65;EST;Estonie;PT_POP;Pourcentage de la population;M;Sexe masculin;65 ans et plus;11,089;11,391;11,680;11,944;12,213;12,429;12,460;12,422;12,407;12,505;12,741;13,027;13,342;13,629;13,882;14,124;14,324;14,541;14,824;15,022;15,042;15,147;15,482
Y_GE65;EST;Estonie;PT_POP;Pourcentage de la population;_T;Total;65 ans et plus;15,643;16,018;16,381;16,719;17,077;17,371;17,443;17,432;17,442;17,577;17,868;18,203;18,567;18,891;19,182;19,465;19,676;19,899;20,190;20,391;20,336;20,358;20,691
Y_GE65;EST;Estonie;PT_POP;Pourcentage de la population;F;Sexe féminin;65 ans et plus;19,609;20,044;20,467;20,868;21,302;21,663;21,774;21,793;21,833;22,007;22,352;22,739;23,155;23,524;23,864;24,204;24,452;24,705;25,024;25,249;25,121;25,052;25,388
Y_LT15;EST;Estonie;PT_POP;Pourcentage de la population;_T;Total;Moins de 15 ans;16,647;16,116;15,612;15,206;14,958;14,853;14,887;15,036;15,236;15,432;15,590;15,738;15,885;16,014;16,152;16,276;16,364;16,435;16,441;16,390;16,374;16,210;15,814
Y_LT15;EST;Estonie;PT_POP;Pourcentage de la population;F;Sexe féminin;Moins de 15 ans;15,083;14,621;14,177;13,813;13,580;13,479;13,518;13,664;13,852;14,035;14,190;14,347;14,504;14,655;14,809;14,933;15,040;15,145;15,197;15,199;15,194;15,032;14,669
Y_LT15;EST;Estonie;PT_POP;Pourcentage de la population;M;Sexe masculin;Moins de 15 ans;18,443;17,833;17,262;16,810;16,545;16,436;16,463;16,611;16,822;17,032;17,190;17,325;17,457;17,557;17,672;17,789;17,847;17,872;17,823;17,706;17,679;17,517;17,085
Y15T64;EST;Estonie;PT_POP;Pourcentage de la population;M;Sexe masculin;De 15 à 64 ans;70,468;70,776;71,057;71,246;71,242;71,136;71,077;70,967;70,771;70,463;70,068;69,648;69,201;68,814;68,446;68,087;67,829;67,587;67,352;67,273;67,279;67,336;67,433
Y15T64;EST;Estonie;PT_POP;Pourcentage de la population;F;Sexe féminin;De 15 à 64 ans;65,309;65,335;65,357;65,320;65,118;64,858;64,709;64,542;64,315;63,958;63,458;62,914;62,342;61,821;61,326;60,863;60,508;60,150;59,780;59,552;59,685;59,915;59,943
Y15T64;EST;Estonie;PT_POP;Pourcentage de la population;_T;Total;De 15 à 64 ans;67,711;67,866;68,007;68,075;67,965;67,776;67,670;67,532;67,322;66,991;66,542;66,059;65,549;65,095;64,666;64,259;63,960;63,667;63,369;63,219;63,290;63,432;63,494
Y15T64;FIN;Finlande;PS;Personnes;_T;Total;De 15 à 64 ans;3478330,000;3483578,000;3488774,000;3499315,000;3507281,000;3518859,000;3536873,000;3547872,000;3549605,000;3539601,000;3524863,000;3508396,000;3491727,000;3475969,000;3463659,000;3451264,000;3437117,000;3426913,000;3419992,000;3417206,000;3423271,000;3445684,000;3474560,000
Y_GE65;FIN;Finlande;PS;Personnes;_T;Total;65 ans et plus;792969,000;805880,000;822069,000;836053,000;854942,000;871975,000;883646,000;901253,000;925738,000;960340,000;998916,000;1037372,000;1073966,000;1107245,000;1136537,000;1164643,000;1192077,000;1218057,000;1243604,000;1267486,000;1286775,000;1301938,000;1319092,000
Y15T64;FIN;Finlande;PS;Personnes;M;Sexe masculin;De 15 à 64 ans;1757947,000;1760620,000;1763268,000;1768654,000;1772682,000;1778605,000;1787889,000;1793540,000;1794483,000;1789873,000;1782989,000;1775219,000;1767278,000;1760103,000;1755683,000;1751500,000;1745844,000;1742303,000;1740373,000;1740636,000;1746002,000;1758813,000;1774202,000
Y_GE65;FIN;Finlande;PS;Personnes;M;Sexe masculin;65 ans et plus;308899,000;316780,000;325929,000;333711,000;343975,000;353345,000;360403,000;370318,000;383522,000;401691,000;421721,000;441710,000;460844,000;478349,000;493662,000;508176,000;522229,000;535226,000;547952,000;560010,000;569795,000;577382,000;585666,000
Y_GE65;FIN;Finlande;PS;Personnes;F;Sexe féminin;65 ans et plus;484070,000;489100,000;496140,000;502342,000;510967,000;518630,000;523243,000;530935,000;542216,000;558649,000;577195,000;595662,000;613122,000;628896,000;642875,000;656467,000;669848,000;682831,000;695652,000;707476,000;716980,000;724556,000;733426,000
Y15T64;FIN;Finlande;PS;Personnes;F;Sexe féminin;De 15 à 64 ans;1720383,000;1722958,000;1725506,000;1730661,000;1734599,000;1740254,000;1748984,000;1754332,000;1755122,000;1749728,000;1741874,000;1733177,000;1724449,000;1715866,000;1707976,000;1699764,000;1691273,000;1684610,000;1679619,000;1676570,000;1677269,000;1686871,000;1700358,000
Y_GE65;FIN;Finlande;PT_POP;Pourcentage de la population;M;Sexe masculin;65 ans et plus;12,155;12,428;12,744;12,999;13,342;13,641;13,839;14,143;14,573;15,184;15,857;16,522;17,157;17,738;18,237;18,712;19,191;19,636;20,064;20,450;20,733;20,892;21,049
Y_GE65;FIN;Finlande;PT_POP;Pourcentage de la population;_T;Total;65 ans et plus;15,248;15,459;15,724;15,937;16,234;16,487;16,631;16,881;17,260;17,823;18,451;19,073;19,664;20,207;20,682;21,144;21,613;22,060;22,490;22,875;23,160;23,316;23,472
Y_GE65;FIN;Finlande;PT_POP;Pourcentage de la population;F;Sexe féminin;65 ans et plus;18,203;18,359;18,577;18,752;19,008;19,220;19,314;19,516;19,850;20,368;20,955;21,539;22,091;22,599;23,055;23,508;23,972;24,423;24,858;25,244;25,535;25,691;25,847
Y_LT15;FIN;Finlande;PT_POP;Pourcentage de la population;_T;Total;Moins de 15 ans;17,869;17,716;17,546;17,360;17,167;16,977;16,804;16,665;16,557;16,486;16,442;16,422;16,402;16,358;16,288;16,199;16,070;15,876;15,660;15,454;15,228;14,977;14,702
Y_LT15;FIN;Finlande;PT_POP;Pourcentage de la population;F;Sexe féminin;Moins de 15 ans;17,105;16,968;16,814;16,644;16,467;16,290;16,129;15,999;15,898;15,839;15,805;15,789;15,775;15,742;15,692;15,622;15,503;15,322;15,124;14,933;14,729;14,495;14,230
Y_LT15;FIN;Finlande;PT_POP;Pourcentage de la population;M;Sexe masculin;Moins de 15 ans;18,668;18,498;18,311;18,107;17,897;17,694;17,507;17,358;17,241;17,158;17,103;17,078;17,050;16,992;16,903;16,793;16,652;16,445;16,210;15,988;15,737;15,468;15,184
Y15T64;FIN;Finlande;PT_POP;Pourcentage de la population;M;Sexe masculin;De 15 à 64 ans;69,176;69,074;68,945;68,894;68,761;68,665;68,654;68,499;68,186;67,658;67,040;66,401;65,793;65,269;64,859;64,495;64,157;63,920;63,726;63,563;63,530;63,640;63,767
Y15T64;FIN;Finlande;PT_POP;Pourcentage de la population;F;Sexe féminin;De 15 à 64 ans;64,692;64,673;64,609;64,604;64,526;64,491;64,558;64,485;64,252;63,794;63,240;62,672;62,133;61,659;61,253;60,869;60,526;60,254;60,018;59,823;59,736;59,813;59,923
Y15T64;FIN;Finlande;PT_POP;Pourcentage de la population;_T;Total;De 15 à 64 ans;66,883;66,825;66,730;66,703;66,599;66,535;66,565;66,454;66,183;65,691;65,107;64,505;63,933;63,436;63,030;62,657;62,317;62,064;61,849;61,671;61,613;61,707;61,826
Y15T64;FRA;France;PS;Personnes;_T;Total;De 15 à 64 ans;40036262,000;40334317,000;40643943,000;40967918,000;41288023,000;41546796,000;41716240,000;41830652,000;41942890,000;41969558,000;41897771,000;41836202,000;41893489,000;41810564,000;41721962,000;41665470,000;41671167,000;41677958,000;41717790,000;41876070,000;42028294,000;42118042,000;42198234,000
Y_GE65;FRA;France;PS;Personnes;_T;Total;65 ans et plus;9910704,000;10028255,000;10158217,000;10284039,000;10358305,000;10431772,000;10544351,000;10669613,000;10800330,000;11025429,000;11350025,000;11695697,000;12053374,000;12393831,000;12720473,000;13023872,000;13314321,000;13602819,000;13855360,000;14086960,000;14314285,000;14545272,000;14796813,000
Y15T64;FRA;France;PS;Personnes;M;Sexe masculin;De 15 à 64 ans;19858554,000;19991787,000;20131405,000;20279291,000;20431887,000;20553939,000;20627914,000;20677482,000;20728295,000;20734764,000;20693335,000;20658049,000;20673929,000;20620554,000;20568569,000;20536531,000;20540963,000;20551278,000;20583721,000;20683046,000;20777643,000;20838612,000;20894695,000
Y_GE65;FRA;France;PS;Personnes;M;Sexe masculin;65 ans et plus;4027805,000;4082271,000;4140473,000;4194941,000;4231092,000;4273632,000;4336304,000;4405060,000;4476050,000;4593046,000;4759391,000;4934581,000;5113738,000;5282007,000;5437269,000;5581768,000;5723231,000;5861198,000;5979611,000;6089238,000;6199821,000;6312449,000;6435594,000
Y_GE65;FRA;France;PS;Personnes;F;Sexe féminin;65 ans et plus;5882899,000;5945984,000;6017744,000;6089098,000;6127213,000;6158140,000;6208047,000;6264553,000;6324280,000;6432383,000;6590634,000;6761116,000;6939636,000;7111824,000;7283204,000;7442104,000;7591090,000;7741621,000;7875749,000;7997722,000;8114464,000;8232823,000;8361219,000
Y15T64;FRA;France;PS;Personnes;F;Sexe féminin;De 15 à 64 ans;20177708,000;20342530,000;20512538,000;20688627,000;20856136,000;20992857,000;21088326,000;21153170,000;21214595,000;21234794,000;21204436,000;21178153,000;21219560,000;21190010,000;21153393,000;21128939,000;21130204,000;21126680,000;21134069,000;21193024,000;21250651,000;21279430,000;21303539,000
Y_GE65;FRA;France;PT_POP;Pourcentage de la population;M;Sexe masculin;65 ans et plus;13,490;13,583;13,684;13,768;13,793;13,844;13,969;14,118;14,273;14,574;15,027;15,499;15,934;16,407;16,853;17,256;17,628;17,989;18,287;18,527;18,776;19,055;19,367
Y_GE65;FRA;France;PT_POP;Pourcentage de la population;_T;Total;65 ans et plus;16,088;16,165;16,256;16,335;16,340;16,356;16,441;16,553;16,674;16,939;17,354;17,792;18,186;18,634;19,074;19,473;19,835;20,197;20,505;20,753;21,003;21,283;21,595
Y_GE65;FRA;France;PT_POP;Pourcentage de la population;F;Sexe féminin;65 ans et plus;18,531;18,591;18,670;18,741;18,728;18,711;18,760;18,837;18,928;19,160;19,539;19,945;20,301;20,723;21,157;21,549;21,903;22,267;22,585;22,843;23,097;23,380;23,692
Y_LT15;FRA;France;PT_POP;Pourcentage de la population;_T;Total;Moins de 15 ans;18,923;18,819;18,705;18,594;18,530;18,505;18,512;18,552;18,572;18,579;18,585;18,565;18,604;18,505;18,363;18,232;18,085;17,920;17,754;17,554;17,329;17,088;16,821
Y_LT15;FRA;France;PT_POP;Pourcentage de la population;F;Sexe féminin;Moins de 15 ans;17,910;17,804;17,690;17,583;17,526;17,502;17,511;17,556;17,580;17,591;17,598;17,579;17,625;17,533;17,395;17,271;17,130;16,967;16,808;16,625;16,416;16,191;15,942
Y_LT15;FRA;France;PT_POP;Pourcentage de la population;M;Sexe masculin;Moins de 15 ans;20,001;19,899;19,786;19,672;19,601;19,574;19,579;19,614;19,630;19,631;19,636;19,615;19,646;19,541;19,396;19,257;19,105;18,938;18,763;18,545;18,301;18,041;17,755
Y15T64;FRA;France;PT_POP;Pourcentage de la population;M;Sexe masculin;De 15 à 64 ans;66,509;66,518;66,531;66,560;66,606;66,582;66,451;66,268;66,097;65,794;65,337;64,886;64,420;64,052;63,751;63,487;63,268;63,074;62,950;62,929;62,923;62,904;62,878
Y15T64;FRA;France;PT_POP;Pourcentage de la population;F;Sexe féminin;De 15 à 64 ans;63,559;63,604;63,640;63,676;63,746;63,786;63,728;63,607;63,492;63,250;62,863;62,475;62,074;61,744;61,448;61,180;60,967;60,766;60,606;60,532;60,487;60,430;60,366
Y15T64;FRA;France;PT_POP;Pourcentage de la population;_T;Total;De 15 à 64 ans;64,989;65,016;65,040;65,071;65,130;65,139;65,046;64,895;64,753;64,482;64,061;63,643;63,210;62,861;62,562;62,296;62,080;61,883;61,741;61,693;61,667;61,629;61,584
Y15T64;GRC;Grèce;PS;Personnes;_T;Total;De 15 à 64 ans;7279563,000;7288047,000;7301981,000;7321993,000;7345798,000;7367691,000;7383182,000;7385008,000;7365539,000;7314648,000;7230056,000;7134205,000;7049604,000;6972579,500;6913955,000;6874061,000;6839289,000;6814549,000;6782440,000;6708840,000;6644856,000;6623592,000;6604392,000
Y_GE65;GRC;Grèce;PS;Personnes;_T;Total;65 ans et plus;1921272,000;1956623,000;1989575,000;2018267,000;2041039,000;2057753,000;2073587,000;2096461,000;2127908,000;2163085,000;2194106,000;2223141,000;2253799,000;2280963,000;2306296,000;2329951,000;2351718,000;2374736,000;2397027,000;2390508,000;2381853,000;2408324,000;2445688,000
Y15T64;GRC;Grèce;PS;Personnes;M;Sexe masculin;De 15 à 64 ans;3667018,000;3673209,000;3681239,000;3691457,000;3700915,000;3706649,000;3707815,000;3702014,000;3685371,000;3650980,000;3596111,000;3533973,000;3480154,000;3432993,000;3402335,000;3385979,000;3373327,000;3370067,000;3360563,000;3339097,000;3322504,000;3320245,000;3325523,000
Y_GE65;GRC;Grèce;PS;Personnes;M;Sexe masculin;65 ans et plus;850410,000;865700,000;879638,000;891408,000;901037,000;908626,000;915810,000;926047,000;940290,000;956159,000;969943,000;982811,000;996763,000;1009866,500;1022266,000;1033614,000;1043876,000;1054462,000;1064757,000;1060615,000;1054726,000;1066008,000;1082818,000
Y_GE65;GRC;Grèce;PS;Personnes;F;Sexe féminin;65 ans et plus;1070862,000;1090923,000;1109937,000;1126859,000;1140002,000;1149127,000;1157777,000;1170414,000;1187618,000;1206926,000;1224163,000;1240330,000;1257036,000;1271096,500;1284030,000;1296337,000;1307842,000;1320274,000;1332270,000;1329893,000;1327127,000;1342316,000;1362870,000
Y15T64;GRC;Grèce;PS;Personnes;F;Sexe féminin;De 15 à 64 ans;3612545,000;3614838,000;3620742,000;3630536,000;3644883,000;3661042,000;3675367,000;3682994,000;3680168,000;3663668,000;3633945,000;3600232,000;3569450,000;3539586,500;3511620,000;3488082,000;3465962,000;3444482,000;3421877,000;3369743,000;3322352,000;3303347,000;3278869,000
Y_GE65;GRC;Grèce;PT_POP;Pourcentage de la population;M;Sexe masculin;65 ans et plus;15,784;16,030;16,253;16,429;16,570;16,687;16,798;16,965;17,230;17,581;17,978;18,406;18,839;19,249;19,573;19,818;20,039;20,232;20,453;20,573;20,670;20,928;21,234
Y_GE65;GRC;Grèce;PT_POP;Pourcentage de la population;_T;Total;65 ans et plus;17,623;17,905;18,161;18,369;18,521;18,625;18,718;18,875;19,134;19,479;19,865;20,274;20,691;21,079;21,402;21,665;21,911;22,149;22,405;22,618;22,822;23,141;23,533
Y_GE65;GRC;Grèce;PT_POP;Pourcentage de la population;F;Sexe féminin;65 ans et plus;19,420;19,736;20,025;20,262;20,421;20,508;20,580;20,721;20,967;21,300;21,667;22,048;22,441;22,802;23,122;23,404;23,677;23,963;24,255;24,565;24,880;25,262;25,747
Y_LT15;GRC;Grèce;PT_POP;Pourcentage de la population;_T;Total;Moins de 15 ans;15,604;15,404;15,185;14,991;14,823;14,690;14,633;14,635;14,638;14,653;14,675;14,663;14,588;14,484;14,437;14,419;14,366;14,292;14,199;13,907;13,511;13,216;12,918
Y_LT15;GRC;Grèce;PT_POP;Pourcentage de la population;F;Sexe féminin;Moins de 15 ans;15,065;14,869;14,653;14,457;14,288;14,156;14,090;14,077;14,060;14,042;14,015;13,953;13,837;13,703;13,642;13,623;13,576;13,521;13,448;13,192;12,837;12,570;12,308
Y_LT15;GRC;Grèce;PT_POP;Pourcentage de la population;M;Sexe masculin;Moins de 15 ans;16,156;15,953;15,731;15,538;15,371;15,240;15,194;15,213;15,237;15,289;15,366;15,412;15,383;15,314;15,282;15,263;15,203;15,107;14,992;14,658;14,217;13,889;13,551
Y15T64;GRC;Grèce;PT_POP;Pourcentage de la population;M;Sexe masculin;De 15 à 64 ans;68,060;68,017;68,017;68,034;68,059;68,073;68,008;67,821;67,533;67,130;66,656;66,182;65,777;65,436;65,145;64,919;64,758;64,661;64,555;64,769;65,113;65,183;65,214
Y15T64;GRC;Grèce;PT_POP;Pourcentage de la population;F;Sexe féminin;De 15 à 64 ans;65,515;65,396;65,322;65,281;65,291;65,336;65,330;65,203;64,973;64,658;64,318;63,999;63,722;63,495;63,236;62,973;62,747;62,517;62,297;62,243;62,284;62,168;61,945
Y15T64;GRC;Grèce;PT_POP;Pourcentage de la population;_T;Total;De 15 à 64 ans;66,773;66,691;66,653;66,640;66,657;66,685;66,648;66,490;66,229;65,869;65,460;65,062;64,720;64,436;64,161;63,917;63,723;63,559;63,396;63,475;63,667;63,643;63,549
Y15T64;IRL;Irlande;PS;Personnes;_T;Total;De 15 à 64 ans;2653774,000;2703270,000;2751686,000;2821477,000;2905507,000;3020640,000;3087935,000;3098112,000;3082005,000;3066609,000;3055614,000;3051574,000;3058440,000;3075812,000;3104266,000;3148131,000;3194039,000;3241560,000;3290109,000;3319617,000;3388375,000;3463677,000;3536767,000
Y_GE65;IRL;Irlande;PS;Personnes;_T;Total;65 ans et plus;436001,000;441905,000;449691,000;458881,000;462364,000;471021,000;483744,000;498902,000;515053,000;531563,000;550057,000;569186,000;589484,000;610270,000;629847,000;652408,000;676427,000;701372,000;726115,000;747449,000;781299,000;806296,000;833209,000
Y15T64;IRL;Irlande;PS;Personnes;M;Sexe masculin;De 15 à 64 ans;1332965,000;1356949,000;1382444,000;1421969,000;1469328,000;1528270,000;1554940,000;1553302,000;1538314,000;1529004,000;1517978,000;1516703,000;1516956,000;1523126,000;1539164,000;1559671,000;1583191,000;1606405,000;1629921,000;1645846,000;1674744,000;1709698,000;1748116,000
Y_GE65;IRL;Irlande;PS;Personnes;M;Sexe masculin;65 ans et plus;189155,000;192355,000;196814,000;201861,000;204516,000;209834,000;216158,000;224846,000;233380,000;241575,000;251662,000;261677,000;272516,000;282840,000;293217,000;304759,000;316986,000;329071,000;341914,000;352493,000;368209,000;379928,000;393148,000
Y_GE65;IRL;Irlande;PS;Personnes;F;Sexe féminin;65 ans et plus;246846,000;249550,000;252877,000;257020,000;257848,000;261187,000;267586,000;274056,000;281673,000;289988,000;298395,000;307509,000;316968,000;327430,000;336630,000;347649,000;359441,000;372301,000;384201,000;394956,000;413090,000;426368,000;440061,000
Y15T64;IRL;Irlande;PS;Personnes;F;Sexe féminin;De 15 à 64 ans;1320809,000;1346321,000;1369242,000;1399508,000;1436179,000;1492370,000;1532995,000;1544810,000;1543691,000;1537605,000;1537636,000;1534871,000;1541484,000;1552686,000;1565102,000;1588460,000;1610848,000;1635155,000;1660188,000;1673771,000;1713631,000;1753979,000;1788651,000
Y_GE65;IRL;Irlande;PT_POP;Pourcentage de la population;M;Sexe masculin;65 ans et plus;9,719;9,730;9,782;9,790;9,659;9,576;9,656;9,961;10,317;10,640;11,062;11,446;11,853;12,203;12,496;12,801;13,101;13,397;13,722;14,021;14,372;14,578;14,795
Y_GE65;IRL;Irlande;PT_POP;Pourcentage de la population;_T;Total;65 ans et plus;11,130;11,104;11,117;11,101;10,923;10,764;10,786;11,005;11,308;11,619;11,974;12,334;12,690;13,018;13,289;13,561;13,847;14,145;14,436;14,729;15,071;15,266;15,486
Y_GE65;IRL;Irlande;PT_POP;Pourcentage de la population;F;Sexe féminin;65 ans et plus;12,524;12,459;12,437;12,404;12,188;11,956;11,911;12,041;12,286;12,584;12,869;13,206;13,509;13,815;14,067;14,306;14,579;14,879;15,137;15,424;15,755;15,936;16,160
Y_LT15;IRL;Irlande;PT_POP;Pourcentage de la population;_T;Total;Moins de 15 ans;21,123;20,973;20,860;20,646;20,436;20,206;20,365;20,655;21,026;21,350;21,508;21,538;21,473;21,368;21,215;21,001;20,767;20,481;20,153;19,856;19,566;19,154;18,778
Y_LT15;IRL;Irlande;PT_POP;Pourcentage de la population;F;Sexe féminin;Moins de 15 ans;20,466;20,324;20,221;20,052;19,927;19,730;19,849;20,087;20,380;20,691;20,816;20,878;20,796;20,673;20,531;20,327;20,082;19,771;19,452;19,211;18,890;18,505;18,155
Y_LT15;IRL;Irlande;PT_POP;Pourcentage de la population;M;Sexe masculin;Moins de 15 ans;21,789;21,630;21,505;21,243;20,945;20,681;20,883;21,228;21,682;22,018;22,214;22,210;22,164;22,080;21,912;21,690;21,464;21,204;20,866;20,512;20,258;19,820;19,418
Y15T64;IRL;Irlande;PT_POP;Pourcentage de la population;M;Sexe masculin;De 15 à 64 ans;68,492;68,640;68,713;68,966;69,396;69,743;69,461;68,811;68,001;67,342;66,724;66,344;65,982;65,717;65,593;65,510;65,434;65,399;65,412;65,467;65,370;65,602;65,787
Y15T64;IRL;Irlande;PT_POP;Pourcentage de la population;F;Sexe féminin;De 15 à 64 ans;67,011;67,217;67,342;67,544;67,885;68,314;68,240;67,872;67,334;66,725;66,315;65,916;65,696;65,512;65,402;65,367;65,338;65,350;65,411;65,365;65,356;65,558;65,685
Y15T64;IRL;Irlande;PT_POP;Pourcentage de la population;_T;Total;De 15 à 64 ans;67,747;67,924;68,024;68,253;68,641;69,030;68,849;68,340;67,666;67,031;66,518;66,128;65,837;65,613;65,496;65,438;65,386;65,374;65,411;65,415;65,363;65,580;65,735
Y15T64;ITA;Italie;PS;Personnes;_T;Total;De 15 à 64 ans;38216716,000;38299437,000;38459877,000;38509542,000;38506840,000;38659761,000;38910211,000;39068912,000;39187661,000;39202923,000;39126193,000;39036137,000;38880095,000;38704045,000;38554409,000;38429628,000;38310756,000;38153205,000;37856485,000;37573534,000;37480370,000;37450017,000;37385032,000
Y_GE65;ITA;Italie;PS;Personnes;_T;Total;65 ans et plus;10758410,000;10955921,000;11188262,000;11437573,000;11646051,000;11813082,000;11961443,000;12093027,000;12204149,000;12386858,000;12630326,000;12860262,000;13080411,000;13251468,000;13391566,000;13513547,000;13629179,000;13776150,000;13900309,000;13996468,000;14116349,000;14269017,000;14464951,000
Y15T64;ITA;Italie;PS;Personnes;M;Sexe masculin;De 15 à 64 ans;19034139,000;19080922,000;19169421,000;19200753,000;19196496,000;19259958,000;19366395,000;19426904,000;19464057,000;19456317,000;19421041,000;19388562,000;19321180,000;19248383,000;19199863,000;19170365,000;19141860,000;19077768,000;18937019,000;18824028,000;18802657,000;18809411,000;18814512,000
Y_GE65;ITA;Italie;PS;Personnes;M;Sexe masculin;65 ans et plus;4436930,000;4531885,000;4643734,000;4762975,000;4864151,000;4947115,000;5023289,000;5093016,000;5153944,000;5249945,000;5376541,000;5495880,000;5609684,000;5703077,000;5781811,000;5850756,000;5918196,000;5999773,000;6068805,000;6128180,000;6199599,000;6284300,000;6390488,000
Y_GE65;ITA;Italie;PS;Personnes;F;Sexe féminin;65 ans et plus;6321480,000;6424036,000;6544528,000;6674598,000;6781900,000;6865967,000;6938154,000;7000011,000;7050205,000;7136913,000;7253785,000;7364382,000;7470727,000;7548391,000;7609755,000;7662791,000;7710983,000;7776377,000;7831504,000;7868288,000;7916750,000;7984717,000;8074463,000
Y15T64;ITA;Italie;PS;Personnes;F;Sexe féminin;De 15 à 64 ans;19182577,000;19218515,000;19290456,000;19308789,000;19310344,000;19399803,000;19543816,000;19642008,000;19723604,000;19746606,000;19705152,000;19647575,000;19558915,000;19455662,000;19354546,000;19259263,000;19168896,000;19075437,000;18919466,000;18749506,000;18677713,000;18640606,000;18570520,000
Y_GE65;ITA;Italie;PT_POP;Pourcentage de la population;M;Sexe masculin;65 ans et plus;16,054;16,304;16,575;16,896;17,186;17,377;17,513;17,658;17,797;18,070;18,449;18,810;19,188;19,524;19,810;20,059;20,307;20,624;20,957;21,247;21,514;21,797;22,142
Y_GE65;ITA;Italie;PT_POP;Pourcentage de la population;_T;Total;65 ans et plus;18,845;19,087;19,347;19,663;19,942;20,105;20,201;20,305;20,402;20,636;20,984;21,323;21,685;22,002;22,276;22,522;22,762;23,064;23,386;23,669;23,920;24,191;24,537
Y_GE65;ITA;Italie;PT_POP;Pourcentage de la population;F;Sexe féminin;65 ans et plus;21,464;21,700;21,953;22,265;22,533;22,670;22,727;22,791;22,845;23,041;23,362;23,684;24,033;24,335;24,604;24,851;25,090;25,381;25,693;25,976;26,217;26,480;26,834
Y_LT15;ITA;Italie;PT_POP;Pourcentage de la population;_T;Total;Moins de 15 ans;14,214;14,188;14,145;14,131;14,122;14,098;14,084;14,094;14,088;14,055;14,013;13,953;13,860;13,738;13,589;13,431;13,256;13,059;12,924;12,790;12,568;12,317;12,048
Y_LT15;ITA;Italie;PT_POP;Pourcentage de la population;F;Sexe féminin;Moins de 15 ans;13,405;13,381;13,341;13,323;13,307;13,276;13,254;13,256;13,242;13,207;13,173;13,128;13,048;12,943;12,820;12,689;12,539;12,359;12,236;12,125;11,929;11,701;11,452
Y_LT15;ITA;Italie;PT_POP;Pourcentage de la population;M;Sexe masculin;Moins de 15 ans;15,076;15,048;15,002;14,990;14,988;14,972;14,968;14,986;14,990;14,960;14,908;14,831;14,722;14,581;14,405;14,216;14,012;13,795;13,648;13,488;13,238;12,962;12,670
Y15T64;ITA;Italie;PT_POP;Pourcentage de la population;M;Sexe masculin;De 15 à 64 ans;68,870;68,648;68,423;68,114;67,826;67,651;67,519;67,356;67,213;66,969;66,643;66,359;66,089;65,895;65,785;65,725;65,681;65,580;65,394;65,265;65,249;65,241;65,188
Y15T64;ITA;Italie;PT_POP;Pourcentage de la population;F;Sexe féminin;De 15 à 64 ans;65,131;64,919;64,707;64,411;64,160;64,054;64,019;63,953;63,912;63,752;63,464;63,188;62,919;62,722;62,577;62,460;62,372;62,260;62,070;61,899;61,853;61,819;61,715
Y15T64;ITA;Italie;PT_POP;Pourcentage de la population;_T;Total;De 15 à 64 ans;66,941;66,725;66,507;66,205;65,937;65,797;65,714;65,601;65,510;65,309;65,003;64,724;64,456;64,261;64,134;64,047;63,982;63,877;63,690;63,541;63,511;63,492;63,415
Y15T64;LTU;Lituanie;PS;Personnes;_T;Total;De 15 à 64 ans;2296345,000;2284871,000;2263168,000;2229708,000;2198565,000;2178646,000;2161764,000;2140737,000;2089953,000;2034555,000;2004689,000;1981888,000;1959665,000;1932485,000;1895933,000;1855626,000;1827811,000;1817663,000;1815817,000;1830867,000;1843235,000;1869252,000;1879464,000
Y_GE65;LTU;Lituanie;PS;Personnes;_T;Total;65 ans et plus;506297,000;518167,000;527633,000;533531,000;538507,000;543504,000;546843,000;546322,000;545101,000;544320,000;542765,000;542468,000;544927,000;547820,000;549363,000;550998,000;552085,000;554174,000;556511,000;560283,000;566147,000;579324,000;595271,000
Y15T64;LTU;Lituanie;PS;Personnes;M;Sexe masculin;De 15 à 64 ans;1104350,000;1100637,000;1091541,000;1075501,000;1059704,000;1049979,000;1042575,000;1031881,000;1006891,000;980882,000;967278,000;957749,000;948767,000;936175,000;919296,000;902987,000;894255,000;896364,000;903976,000;896400,000;906356,000;929713,000;946382,000
Y_GE65;LTU;Lituanie;PS;Personnes;M;Sexe masculin;65 ans et plus;175262,000;178325,000;181001,000;183012,000;184688,000;186063,000;186627,000;185778,000;184729,000;183934,000;182878,000;182444,000;183176,000;184231,000;184816,000;185478,000;186087,000;187195,000;188304,000;195269,000;198254,000;204286,000;211496,000
Y_GE65;LTU;Lituanie;PS;Personnes;F;Sexe féminin;65 ans et plus;331035,000;339842,000;346632,000;350519,000;353819,000;357441,000;360216,000;360544,000;360372,000;360386,000;359887,000;360024,000;361751,000;363589,000;364547,000;365520,000;365998,000;366979,000;368207,000;365014,000;367893,000;375036,000;383775,000
Y15T64;LTU;Lituanie;PS;Personnes;F;Sexe féminin;De 15 à 64 ans;1191995,000;1184234,000;1171627,000;1154207,000;1138861,000;1128667,000;1119189,000;1108856,000;1083062,000;1053673,000;1037411,000;1024139,000;1010898,000;996310,000;976637,000;952639,000;933556,000;921299,000;911841,000;934467,000;936879,000;939536,000;933080,000
Y_GE65;LTU;Lituanie;PT_POP;Pourcentage de la population;M;Sexe masculin;65 ans et plus;10,904;11,197;11,506;11,843;12,170;12,428;12,607;12,709;12,930;13,182;13,289;13,391;13,557;13,770;13,992;14,216;14,354;14,400;14,386;14,954;15,006;15,123;15,440
Y_GE65;LTU;Lituanie;PT_POP;Pourcentage de la population;_T;Total;65 ans et plus;14,705;15,172;15,624;16,058;16,469;16,820;17,098;17,273;17,599;17,976;18,166;18,341;18,583;18,858;19,153;19,481;19,706;19,833;19,912;19,950;19,994;20,174;20,611
Y_GE65;LTU;Lituanie;PT_POP;Pourcentage de la population;F;Sexe féminin;65 ans et plus;18,033;18,645;19,215;19,724;20,192;20,611;20,969;21,194;21,598;22,072;22,331;22,569;22,878;23,203;23,560;23,990;24,317;24,561;24,780;24,292;24,357;24,662;25,278
Y_LT15;LTU;Lituanie;PT_POP;Pourcentage de la population;_T;Total;Moins de 15 ans;18,600;17,925;17,360;16,833;16,295;15,757;15,309;15,045;14,924;14,836;14,737;14,651;14,588;14,617;14,745;14,912;15,051;15,114;15,119;14,857;14,912;14,731;14,311
Y_LT15;LTU;Lituanie;PT_POP;Pourcentage de la population;F;Sexe féminin;Moins de 15 ans;17,035;16,382;15,836;15,330;14,815;14,305;13,880;13,623;13,493;13,394;13,296;13,232;13,192;13,215;13,323;13,487;13,657;13,779;13,854;13,518;13,616;13,556;13,264
Y_LT15;LTU;Lituanie;PT_POP;Pourcentage de la population;M;Sexe masculin;Moins de 15 ans;20,389;19,691;19,108;18,562;18,004;17,438;16,967;16,700;16,595;16,523;16,425;16,313;16,222;16,258;16,412;16,576;16,669;16,648;16,555;16,397;16,394;16,053;15,472
Y15T64;LTU;Lituanie;PT_POP;Pourcentage de la population;M;Sexe masculin;De 15 à 64 ans;68,707;69,111;69,386;69,595;69,826;70,134;70,426;70,591;70,475;70,296;70,286;70,296;70,220;69,972;69,596;69,208;68,978;68,953;69,060;68,649;68,601;68,824;69,088
Y15T64;LTU;Lituanie;PT_POP;Pourcentage de la population;F;Sexe féminin;De 15 à 64 ans;64,933;64,973;64,948;64,947;64,993;65,083;65,151;65,183;64,910;64,534;64,373;64,199;63,931;63,582;63,117;62,523;62,026;61,660;61,366;62,190;62,027;61,782;61,458
Y15T64;LTU;Lituanie;PT_POP;Pourcentage de la population;_T;Total;De 15 à 64 ans;66,695;66,903;67,016;67,109;67,236;67,423;67,592;67,682;67,477;67,189;67,096;67,008;66,829;66,525;66,101;65,607;65,243;65,053;64,969;65,193;65,094;65,095;65,077
Y15T64;LUX;Luxembourg;PS;Personnes;_T;Total;De 15 à 64 ans;299561,000;303556,000;308307,000;313510,000;319334,000;325186,000;332149,000;339464,000;346814,000;356167,000;366187,000;375250,000;384564,000;394387,000;405010,000;414644,000;422816,000;431102,000;437918,000;444062,000;452651,000;461525,000;468242,000
Y_GE65;LUX;Luxembourg;PS;Personnes;_T;Total;65 ans et plus;62401,000;63261,000;64293,000;65475,000;66414,000;67260,000;68292,000;69466,000;70563,000;72174,000;74159,000;76214,000;78607,000;80898,000;83041,000;85169,000;87267,000;89559,000;91759,000;93968,000;96713,000;99622,000;102457,000
Y15T64;LUX;Luxembourg;PS;Personnes;M;Sexe masculin;De 15 à 64 ans;151472,000;153555,000;156158,000;158867,000;161787,000;164742,000;168341,000;172126,000;175961,000;181035,000;186447,000;191262,000;196086,000;201258,000;206756,000;211684,000;216073,000;220431,000;224047,000;227459,000;231760,000;236055,000;239225,000
Y_GE65;LUX;Luxembourg;PS;Personnes;M;Sexe masculin;65 ans et plus;25303,000;25768,000;26302,000;26937,000;27498,000;28007,000;28610,000;29341,000;29996,000;30945,000;32137,000;33321,000;34635,000;35862,000;37067,000;38260,000;39346,000;40514,000;41612,000;42656,000;43991,000;45486,000;46956,000
Y_GE65;LUX;Luxembourg;PS;Personnes;F;Sexe féminin;65 ans et plus;37098,000;37493,000;37991,000;38538,000;38916,000;39253,000;39682,000;40125,000;40567,000;41229,000;42022,000;42893,000;43972,000;45036,000;45974,000;46909,000;47921,000;49045,000;50147,000;51312,000;52722,000;54136,000;55501,000
Y15T64;LUX;Luxembourg;PS;Personnes;F;Sexe féminin;De 15 à 64 ans;148089,000;150001,000;152149,000;154643,000;157547,000;160444,000;163808,000;167338,000;170853,000;175132,000;179740,000;183988,000;188478,000;193129,000;198254,000;202960,000;206743,000;210671,000;213871,000;216603,000;220891,000;225470,000;229017,000
Y_GE65;LUX;Luxembourg;PT_POP;Pourcentage de la population;M;Sexe masculin;65 ans et plus;11,506;11,563;11,616;11,705;11,754;11,782;11,812;11,873;11,903;11,984;12,122;12,261;12,434;12,557;12,655;12,770;12,873;12,992;13,118;13,236;13,381;13,563;13,789
Y_GE65;LUX;Luxembourg;PT_POP;Pourcentage de la population;_T;Total;65 ans et plus;13,986;14,007;14,035;14,076;14,052;14,013;13,976;13,955;13,919;13,924;13,967;14,026;14,130;14,202;14,233;14,282;14,354;14,445;14,555;14,681;14,808;14,949;15,134
Y_GE65;LUX;Luxembourg;PT_POP;Pourcentage de la population;F;Sexe féminin;65 ans et plus;16,397;16,389;16,399;16,397;16,304;16,201;16,103;16,008;15,912;15,849;15,808;15,793;15,830;15,857;15,823;15,809;15,852;15,916;16,011;16,146;16,255;16,352;16,495
Y_LT15;LUX;Luxembourg;PT_POP;Pourcentage de la population;_T;Total;Moins de 15 ans;18,873;18,779;18,664;18,524;18,385;18,239;18,051;17,850;17,669;17,365;17,065;16,912;16,744;16,559;16,352;16,186;16,098;16,023;15,979;15,941;15,885;15,798;15,703
Y_LT15;LUX;Luxembourg;PT_POP;Pourcentage de la population;F;Sexe féminin;Moins de 15 ans;18,150;18,043;17,925;17,804;17,693;17,580;17,423;17,234;17,070;16,825;16,578;16,463;16,317;16,145;15,941;15,791;15,757;15,720;15,705;15,698;15,643;15,544;15,440
Y_LT15;LUX;Luxembourg;PT_POP;Pourcentage de la population;M;Sexe masculin;Moins de 15 ans;19,616;19,534;19,420;19,260;19,090;18,911;18,690;18,475;18,276;17,908;17,553;17,361;17,170;16,970;16,760;16,578;16,435;16,322;16,250;16,181;16,123;16,049;15,963
Y15T64;LUX;Luxembourg;PT_POP;Pourcentage de la population;M;Sexe masculin;De 15 à 64 ans;68,878;68,903;68,965;69,034;69,156;69,306;69,499;69,652;69,822;70,108;70,325;70,378;70,396;70,472;70,586;70,652;70,692;70,686;70,631;70,582;70,496;70,388;70,249
Y15T64;LUX;Luxembourg;PT_POP;Pourcentage de la population;F;Sexe féminin;De 15 à 64 ans;65,453;65,568;65,676;65,799;66,003;66,220;66,474;66,759;67,017;67,325;67,614;67,744;67,853;67,998;68,235;68,400;68,390;68,365;68,284;68,156;68,102;68,104;68,065
Y15T64;LUX;Luxembourg;PT_POP;Pourcentage de la population;_T;Total;De 15 à 64 ans;67,141;67,214;67,302;67,399;67,564;67,748;67,973;68,195;68,411;68,712;68,968;69,061;69,126;69,239;69,415;69,532;69,548;69,532;69,465;69,378;69,307;69,254;69,163
Y15T64;LVA;Lettonie;PS;Personnes;_T;Total;De 15 à 64 ans;1570504,000;1560004,000;1546377,000;1532089,000;1518178,000;1504936,000;1485923,000;1454408,000;1417478,000;1386015,000;1362420,000;1338599,000;1314385,000;1292707,000;1270365,000;1249424,000;1233068,000;1218495,000;1203809,000;1190344,000;1185872,000;1190301,000;1176714,000
Y_GE65;LVA;Lettonie;PS;Personnes;_T;Total;65 ans et plus;361059,000;366967,000;372046,000;376540,000;381478,000;384946,000;385572,000;384821,000;382658,000;380341,000;379663,000;380697,000;383348,000;385827,000;387246,000;388381,000;388917,000;390195,000;392555,000;392658,000;393268,000;399662,000;404438,000
Y15T64;LVA;Lettonie;PS;Personnes;M;Sexe masculin;De 15 à 64 ans;751188,000;746745,000;741592,000;736140,000;730989,000;726400,000;718022,000;702118,000;683372,000;668344,000;658237,000;647939,000;637567,000;628252,000;617762,000;608237,000;601837,000;596632,000;590961,000;585713,000;584014,000;585256,000;579733,000
Y_GE65;LVA;Lettonie;PS;Personnes;M;Sexe masculin;65 ans et plus;115878,000;118412,000;120545,000;122138,000;123921,000;125208,000;125305,000;124857,000;123863,000;122853,000;122708,000;123501,000;124738,000;125926,000;126867,000;127565,000;128114,000;129022,000;130391,000;130969,000;131824,000;135373,000;138106,000
Y_GE65;LVA;Lettonie;PS;Personnes;F;Sexe féminin;65 ans et plus;245181,000;248555,000;251501,000;254402,000;257557,000;259738,000;260267,000;259964,000;258795,000;257488,000;256955,000;257196,000;258610,000;259901,000;260379,000;260816,000;260803,000;261173,000;262164,000;261689,000;261444,000;264289,000;266332,000
Y15T64;LVA;Lettonie;PS;Personnes;F;Sexe féminin;De 15 à 64 ans;819316,000;813259,000;804785,000;795949,000;787189,000;778536,000;767901,000;752290,000;734106,000;717671,000;704183,000;690660,000;676818,000;664455,000;652603,000;641187,000;631231,000;621863,000;612848,000;604631,000;601858,000;605045,000;596981,000
Y_GE65;LVA;Lettonie;PT_POP;Pourcentage de la population;M;Sexe masculin;65 ans et plus;10,926;11,281;11,610;11,892;12,174;12,392;12,532;12,717;12,910;13,050;13,185;13,398;13,646;13,872;14,096;14,290;14,439;14,613;14,849;15,017;15,140;15,530;15,977
Y_GE65;LVA;Lettonie;PT_POP;Pourcentage de la population;_T;Total;65 ans et plus;15,629;16,039;16,439;16,819;17,196;17,495;17,709;17,968;18,243;18,466;18,663;18,915;19,227;19,511;19,762;19,996;20,181;20,388;20,656;20,836;20,925;21,217;21,673
Y_GE65;LVA;Lettonie;PT_POP;Pourcentage de la population;F;Sexe féminin;65 ans et plus;19,620;20,072;20,533;20,995;21,455;21,828;22,104;22,413;22,739;23,024;23,283;23,578;23,953;24,295;24,575;24,849;25,080;25,335;25,643;25,850;25,919;26,115;26,588
Y_LT15;LVA;Lettonie;PT_POP;Pourcentage de la population;_T;Total;Moins de 15 ans;16,389;15,778;15,231;14,748;14,366;14,109;14,046;14,122;14,179;14,242;14,366;14,575;14,849;15,119;15,408;15,675;15,836;15,944;16,001;15,998;15,975;15,594;15,271
Y_LT15;LVA;Lettonie;PT_POP;Pourcentage de la population;F;Sexe féminin;Moins de 15 ans;14,816;14,253;13,761;13,317;12,969;12,743;12,680;12,728;12,759;12,803;12,911;13,107;13,359;13,593;13,833;14,061;14,219;14,343;14,413;14,425;14,413;14,100;13,815
Y_LT15;LVA;Lettonie;PT_POP;Pourcentage de la population;M;Sexe masculin;Moins de 15 ans;18,243;17,576;16,966;16,435;16,014;15,717;15,654;15,769;15,863;15,953;16,090;16,312;16,609;16,918;17,263;17,572;17,731;17,813;17,850;17,825;17,785;17,328;16,958
Y15T64;LVA;Lettonie;PT_POP;Pourcentage de la population;M;Sexe masculin;De 15 à 64 ans;70,831;71,143;71,424;71,673;71,812;71,891;71,813;71,514;71,227;70,997;70,725;70,290;69,746;69,210;68,641;68,137;67,830;67,574;67,301;67,158;67,075;67,141;67,065
Y15T64;LVA;Lettonie;PT_POP;Pourcentage de la population;F;Sexe féminin;De 15 à 64 ans;65,564;65,675;65,706;65,688;65,576;65,428;65,216;64,859;64,502;64,173;63,806;63,315;62,688;62,112;61,593;61,090;60,701;60,323;59,944;59,726;59,667;59,785;59,597
Y15T64;LVA;Lettonie;PT_POP;Pourcentage de la population;_T;Total;De 15 à 64 ans;67,982;68,183;68,329;68,434;68,437;68,396;68,245;67,910;67,578;67,292;66,972;66,509;65,924;65,370;64,830;64,329;63,983;63,668;63,343;63,165;63,099;63,189;63,057
Y15T64;NLD;Pays-Bas;PS;Personnes;_T;Total;De 15 à 64 ans;10935171,000;10976602,000;10999727,000;11013726,000;11025091,000;11042937,000;11072882,000;11107333,000;11138762,000;11135547,000;11097313,000;11068751,000;11063085,000;11080006,000;11117063,000;11159716,000;11203843,000;11258636,000;11297540,000;11329457,000;11417753,000;11517213,000;11571547,000
Y_GE65;NLD;Pays-Bas;PS;Personnes;_T;Total;65 ans et plus;2209583,000;2235803,000;2269911,000;2309564,000;2349405,000;2391587,000;2443319,000;2505070,000;2566634,000;2655660,000;2770360,000;2871681,000;2963354,000;3046498,000;3122482,000;3199385,000;3276559,000;3353280,000;3425045,000;3491494,000;3563310,000;3639199,000;3716445,000
Y15T64;NLD;Pays-Bas;PS;Personnes;M;Sexe masculin;De 15 à 64 ans;5540730,000;5556490,000;5561360,000;5562012,000;5562306,000;5567123,000;5580155,000;5596661,000;5610073,000;5605542,000;5583374,000;5566069,000;5562088,000;5570854,000;5591208,000;5613157,000;5634813,000;5663358,000;5685607,000;5703911,000;5745098,000;5793264,000;5825253,000
Y_GE65;NLD;Pays-Bas;PS;Personnes;M;Sexe masculin;65 ans et plus;916042,000;932775,000;953387,000;976614,000;1000414,000;1025508,000;1055455,000;1090300,000;1124669,000;1173270,000;1234693,000;1289206,000;1338980,000;1384377,000;1426071,000;1468105,000;1510021,000;1551132,000;1588513,000;1622439,000;1659168,000;1698251,000;1738394,000
Y_GE65;NLD;Pays-Bas;PS;Personnes;F;Sexe féminin;65 ans et plus;1293541,000;1303028,000;1316524,000;1332950,000;1348991,000;1366079,000;1387864,000;1414770,000;1441965,000;1482390,000;1535667,000;1582475,000;1624374,000;1662121,000;1696411,000;1731280,000;1766538,000;1802148,000;1836532,000;1869055,000;1904142,000;1940948,000;1978051,000
Y15T64;NLD;Pays-Bas;PS;Personnes;F;Sexe féminin;De 15 à 64 ans;5394441,000;5420112,000;5438367,000;5451714,000;5462785,000;5475814,000;5492727,000;5510672,000;5528689,000;5530005,000;5513939,000;5502682,000;5500997,000;5509152,000;5525855,000;5546559,000;5569030,000;5595278,000;5611933,000;5625546,000;5672655,000;5723949,000;5746294,000
Y_GE65;NLD;Pays-Bas;PT_POP;Pourcentage de la population;M;Sexe masculin;65 ans et plus;11,460;11,615;11,835;12,099;12,377;12,660;12,975;13,329;13,676;14,199;14,885;15,494;16,029;16,490;16,884;17,270;17,653;18,006;18,328;18,614;18,859;19,113;19,423
Y_GE65;NLD;Pays-Bas;PT_POP;Pourcentage de la population;_T;Total;65 ans et plus;13,683;13,780;13,941;14,152;14,373;14,599;14,857;15,154;15,447;15,909;16,535;17,089;17,571;17,984;18,335;18,676;19,015;19,333;19,637;19,914;20,131;20,357;20,654
Y_GE65;NLD;Pays-Bas;PT_POP;Pourcentage de la population;F;Sexe féminin;65 ans et plus;15,862;15,901;16,005;16,161;16,325;16,496;16,698;16,942;17,183;17,585;18,152;18,653;19,085;19,452;19,762;20,061;20,358;20,642;20,931;21,198;21,387;21,586;21,871
Y_LT15;NLD;Pays-Bas;PT_POP;Pourcentage de la population;_T;Total;Moins de 15 ans;18,603;18,569;18,500;18,362;18,179;17,991;17,813;17,652;17,514;17,384;17,232;17,043;16,831;16,608;16,387;16,182;15,966;15,757;15,589;15,468;15,366;15,219;15,040
Y_LT15;NLD;Pays-Bas;PT_POP;Pourcentage de la population;F;Sexe féminin;Moins de 15 ans;17,991;17,957;17,882;17,743;17,564;17,382;17,215;17,065;16,936;16,815;16,670;16,484;16,284;16,076;15,866;15,670;15,465;15,267;15,110;14,999;14,897;14,755;14,592
Y_LT15;NLD;Pays-Bas;PT_POP;Pourcentage de la population;M;Sexe masculin;Moins de 15 ans;19,227;19,194;19,131;18,993;18,808;18,612;18,424;18,252;18,103;17,964;17,806;17,613;17,388;17,150;16,917;16,702;16,474;16,252;16,074;15,944;15,840;15,689;15,491
Y15T64;NLD;Pays-Bas;PT_POP;Pourcentage de la population;M;Sexe masculin;De 15 à 64 ans;69,314;69,191;69,034;68,908;68,815;68,727;68,601;68,419;68,220;67,838;67,309;66,893;66,583;66,359;66,199;66,029;65,873;65,742;65,598;65,442;65,301;65,199;65,085
Y15T64;NLD;Pays-Bas;PT_POP;Pourcentage de la population;F;Sexe féminin;De 15 à 64 ans;66,147;66,142;66,113;66,096;66,110;66,122;66,087;65,992;65,881;65,600;65,178;64,863;64,631;64,473;64,372;64,269;64,177;64,090;63,959;63,803;63,716;63,659;63,537
Y15T64;NLD;Pays-Bas;PT_POP;Pourcentage de la population;_T;Total;De 15 à 64 ans;67,715;67,651;67,559;67,487;67,448;67,410;67,330;67,193;67,039;66,708;66,233;65,868;65,598;65,408;65,278;65,142;65,019;64,910;64,774;64,618;64,504;64,424;64,307
Y15T64;PRT;Portugal;PS;Personnes;_T;Total;De 15 à 64 ans;7002679,500;7015437,000;7016878,000;7016926,500;7023146,500;7033532,500;7036435,000;7029408,000;7013108,000;6976692,500;6923449,500;6860014,500;6798352,500;6753798,000;6713741,000;6674545,000;6644313,500;6627668,000;6616292,000;6604818,500;6622947,500;6677814,000;6744347,000
Y_GE65;PRT;Portugal;PS;Personnes;_T;Total;65 ans et plus;1735824,500;1761583,000;1788686,500;1814037,500;1836157,500;1859019,500;1884331,500;1914349,500;1953409,000;2009180,000;2036890,500;2068472,000;2106580,500;2145235,500;2185731,500;2229257,000;2273940,000;2327150,000;2385367,500;2436948,500;2486274,000;2537739,500;2590241,000
Y15T64;PRT;Portugal;PS;Personnes;M;Sexe masculin;De 15 à 64 ans;3440776,000;3444332,500;3443431,500;3442265,500;3444331,500;3448036,000;3446036,500;3438639,500;3427035,000;3404122,000;3371793,500;3334516,000;3298619,000;3273352,500;3253418,500;3234833,000;3219271,000;3212831,500;3212570,000;3213579,000;3229073,500;3260654,000;3297138,000
Y_GE65;PRT;Portugal;PS;Personnes;M;Sexe masculin;65 ans et plus;722826,000;733222,000;744333,500;754372,500;762786,000;771497,000;781650,500;793904,500;809112,000;832906,500;844330,500;857761,000;874901,000;893534,500;913576,000;934768,500;956670,500;984610,500;1015957,500;1043548,500;1069053,500;1093694,000;1117930,000
Y_GE65;PRT;Portugal;PS;Personnes;F;Sexe féminin;65 ans et plus;1012998,500;1028361,000;1044353,000;1059665,000;1073371,500;1087522,500;1102681,000;1120445,000;1144297,000;1176273,500;1192560,000;1210711,000;1231679,500;1251701,000;1272155,500;1294488,500;1317269,500;1342539,500;1369410,000;1393400,000;1417220,500;1444045,500;1472311,000
Y15T64;PRT;Portugal;PS;Personnes;F;Sexe féminin;De 15 à 64 ans;3561903,500;3571104,500;3573446,500;3574661,000;3578815,000;3585496,500;3590398,500;3590768,500;3586073,000;3572570,500;3551656,000;3525498,500;3499733,500;3480445,500;3460322,500;3439712,000;3425042,500;3414836,500;3403722,000;3391239,500;3393874,000;3417160,000;3447209,000
Y_GE65;PRT;Portugal;PT_POP;Pourcentage de la population;M;Sexe masculin;65 ans et plus;14,375;14,541;14,738;14,920;15,070;15,226;15,423;15,674;15,995;16,492;16,817;17,209;17,675;18,135;18,592;19,056;19,521;20,042;20,587;21,060;21,407;21,648;21,856
Y_GE65;PRT;Portugal;PT_POP;Pourcentage de la population;_T;Total;65 ans et plus;16,659;16,843;17,061;17,271;17,450;17,633;17,847;18,114;18,475;19,000;19,341;19,749;20,217;20,663;21,105;21,559;22,003;22,475;22,970;23,415;23,749;23,990;24,205
Y_GE65;PRT;Portugal;PT_POP;Pourcentage de la population;F;Sexe féminin;65 ans et plus;18,790;18,986;19,221;19,454;19,656;19,860;20,085;20,360;20,751;21,293;21,641;22,054;22,519;22,947;23,373;23,818;24,241;24,672;25,127;25,555;25,886;26,132;26,356
Y_LT15;PRT;Portugal;PT_POP;Pourcentage de la population;_T;Total;Moins de 15 ans;16,134;16,080;16,008;15,922;15,804;15,654;15,508;15,371;15,195;15,023;14,918;14,756;14,537;14,283;14,069;13,891;13,705;13,517;13,319;13,124;12,988;12,881;12,770
Y_LT15;PRT;Portugal;PT_POP;Pourcentage de la population;F;Sexe féminin;Moins de 15 ans;15,142;15,084;15,010;14,921;14,806;14,662;14,519;14,392;14,219;14,035;13,907;13,725;13,496;13,248;13,051;12,892;12,729;12,575;12,418;12,251;12,125;12,031;11,934
Y_LT15;PRT;Portugal;PT_POP;Pourcentage de la population;M;Sexe masculin;Moins de 15 ans;17,198;17,150;17,083;17,001;16,882;16,726;16,581;16,435;16,259;16,105;16,028;15,891;15,687;15,429;15,196;14,998;14,788;14,561;14,314;14,085;13,933;13,811;13,683
Y15T64;PRT;Portugal;PT_POP;Pourcentage de la population;M;Sexe masculin;De 15 à 64 ans;68,427;68,308;68,180;68,079;68,048;68,048;67,996;67,890;67,746;67,403;67,156;66,900;66,639;66,436;66,211;65,946;65,691;65,397;65,099;64,854;64,660;64,540;64,461
Y15T64;PRT;Portugal;PT_POP;Pourcentage de la population;F;Sexe féminin;De 15 à 64 ans;66,068;65,930;65,769;65,625;65,538;65,478;65,397;65,248;65,030;64,672;64,452;64,221;63,985;63,806;63,576;63,290;63,030;62,754;62,455;62,194;61,990;61,837;61,710
Y15T64;PRT;Portugal;PT_POP;Pourcentage de la population;_T;Total;De 15 à 64 ans;67,207;67,077;66,930;66,807;66,745;66,713;66,644;66,514;66,330;65,976;65,741;65,496;65,246;65,054;64,826;64,550;64,292;64,008;63,711;63,461;63,263;63,128;63,025
Y15T64;SVK;République slovaque;PS;Personnes;_T;Total;De 15 à 64 ans;3771588,000;3799884,000;3825935,000;3849535,000;3870796,000;3891783,000;3910926,000;3923511,000;3928839,000;3881765,000;3875563,000;3860962,000;3843588,500;3822281,000;3795364,500;3764510,000;3733312,000;3703519,000;3674220,500;3634818,500;3601615,000;3574065,500;3553027,000
Y_GE65;SVK;République slovaque;PS;Personnes;_T;Total;65 ans et plus;615970,000;618894,000;624712,000;630927,000;637734,000;644927,000;652292,000;660945,000;670939,000;684555,000;700442,000;722021,000;745007,500;770407,500;799297,500;829757,000;859587,000;889747,000;918599,500;937069,500;957013,000;982249,500;1007078,000
Y15T64;SVK;République slovaque;PS;Personnes;M;Sexe masculin;De 15 à 64 ans;1871847,000;1886757,000;1901031,000;1914534,000;1926612,000;1939200,000;1951139,000;1959240,000;1962973,000;1944141,000;1942557,500;1936913,500;1929731,000;1920765,500;1909391,000;1895943,500;1881917,000;1868546,500;1855485,500;1839920,500;1824107,500;1811252,500;1801843,000
Y_GE65;SVK;République slovaque;PS;Personnes;M;Sexe masculin;65 ans et plus;232365,000;232540,000;233988,000;235926,000;238168,000;240619,000;243298,000;246669,000;250743,000;257279,500;264632,500;274524,000;285124,500;297004,000;310582,000;324819,000;338908,500;353162,000;366530,000;376190,500;385423,000;397314,000;409081,500
Y_GE65;SVK;République slovaque;PS;Personnes;F;Sexe féminin;65 ans et plus;383605,000;386354,000;390724,000;395001,000;399566,000;404308,000;408994,000;414276,000;420196,000;427275,500;435809,500;447497,000;459883,000;473403,500;488715,500;504938,000;520678,500;536585,000;552069,500;560879,000;571590,000;584935,500;597996,500
Y15T64;SVK;République slovaque;PS;Personnes;F;Sexe féminin;De 15 à 64 ans;1899741,000;1913127,000;1924904,000;1935001,000;1944184,000;1952583,000;1959787,000;1964271,000;1965866,000;1937624,000;1933005,500;1924048,500;1913857,500;1901515,500;1885973,500;1868566,500;1851395,000;1834972,500;1818735,000;1794898,000;1777507,500;1762813,000;1751184,000
Y_GE65;SVK;République slovaque;PT_POP;Pourcentage de la population;M;Sexe masculin;65 ans et plus;8,898;8,907;8,957;9,022;9,101;9,180;9,262;9,367;9,498;9,788;10,047;10,408;10,797;11,232;11,725;12,238;12,747;13,261;13,749;14,134;14,509;14,970;15,425
Y_GE65;SVK;République slovaque;PT_POP;Pourcentage de la population;_T;Total;65 ans et plus;11,452;11,506;11,606;11,711;11,829;11,948;12,064;12,198;12,354;12,681;12,953;13,338;13,749;14,204;14,718;15,255;15,782;16,313;16,828;17,219;17,619;18,100;18,574
Y_GE65;SVK;République slovaque;PT_POP;Pourcentage de la population;F;Sexe féminin;65 ans et plus;13,862;13,957;14,104;14,248;14,403;14,561;14,712;14,876;15,055;15,426;15,712;16,121;16,555;17,031;17,568;18,130;18,676;19,226;19,767;20,173;20,596;21,097;21,588
Y_LT15;SVK;République slovaque;PT_POP;Pourcentage de la population;_T;Total;Moins de 15 ans;18,429;17,851;17,314;16,833;16,372;15,952;15,605;15,391;15,306;15,413;15,378;15,340;15,318;15,323;15,396;15,535;15,677;15,784;15,864;15,989;16,074;16,040;15,897
Y_LT15;SVK;République slovaque;PT_POP;Pourcentage de la population;F;Sexe féminin;Moins de 15 ans;17,490;16,929;16,411;15,956;15,518;15,118;14,794;14,593;14,513;14,622;14,598;14,566;14,551;14,559;14,638;14,779;14,918;15,026;15,113;15,271;15,356;15,323;15,192
Y_LT15;SVK;République slovaque;PT_POP;Pourcentage de la population;M;Sexe masculin;Moins de 15 ans;19,424;18,828;18,271;17,762;17,278;16,836;16,463;16,234;16,144;16,247;16,200;16,155;16,126;16,127;16,192;16,327;16,472;16,578;16,651;16,739;16,825;16,788;16,634
Y15T64;SVK;République slovaque;PT_POP;Pourcentage de la population;M;Sexe masculin;De 15 à 64 ans;71,678;72,265;72,772;73,216;73,621;73,984;74,275;74,399;74,358;73,965;73,753;73,437;73,077;72,641;72,083;71,435;70,781;70,161;69,600;69,127;68,666;68,242;67,941
Y15T64;SVK;République slovaque;PT_POP;Pourcentage de la population;F;Sexe féminin;De 15 à 64 ans;68,648;69,114;69,485;69,796;70,079;70,321;70,494;70,532;70,433;69,952;69,690;69,313;68,894;68,410;67,794;67,091;66,406;65,748;65,120;64,557;64,048;63,580;63,220
Y15T64;SVK;République slovaque;PT_POP;Pourcentage de la population;_T;Total;De 15 à 64 ans;70,119;70,644;71,080;71,456;71,799;72,100;72,331;72,411;72,341;71,906;71,669;71,322;70,933;70,472;69,886;69,210;68,542;67,903;67,308;66,792;66,307;65,860;65,529
